<?xml version="1.0" encoding="UTF-8"?><rss version="2.0"
	xmlns:content="http://purl.org/rss/1.0/modules/content/"
	xmlns:wfw="http://wellformedweb.org/CommentAPI/"
	xmlns:dc="http://purl.org/dc/elements/1.1/"
	xmlns:atom="http://www.w3.org/2005/Atom"
	xmlns:sy="http://purl.org/rss/1.0/modules/syndication/"
	xmlns:slash="http://purl.org/rss/1.0/modules/slash/"
	>

<channel>
	<title>Uncategorized | Lawyer Site</title>
	<atom:link href="/category/uncategorized/feed/" rel="self" type="application/rss+xml" />
	<link></link>
	<description>Lawyer Site</description>
	<lastBuildDate>Mon, 15 May 2023 20:47:34 +0000</lastBuildDate>
	<language>en-US</language>
	<sy:updatePeriod>
	hourly	</sy:updatePeriod>
	<sy:updateFrequency>
	1	</sy:updateFrequency>
	<generator>https://wordpress.org/?v=6.4.2</generator>

<image>
	<url>/wp-content/uploads/2023/05/cropped-Logo-Final-02-mod-1-32x32.png</url>
	<title>Uncategorized | Lawyer Site</title>
	<link></link>
	<width>32</width>
	<height>32</height>
</image> 
	<item>
		<title>Civil Litigation</title>
		<link>/2023/05/15/civil-litigation/</link>
					<comments>/2023/05/15/civil-litigation/#respond</comments>
		
		<dc:creator><![CDATA[admin]]></dc:creator>
		<pubDate>Mon, 15 May 2023 20:47:32 +0000</pubDate>
				<category><![CDATA[Uncategorized]]></category>
		<guid isPermaLink="false">/?p=84</guid>

					<description><![CDATA[Asserting Your Rights and Seeking Justice: Web Wise LLP&#8217;s Civil Litigation Services When legal disputes arise, whether in personal or business matters, Web Wise LLP is your trusted ally in navigating the complexities of civil litigation. Our experienced team of attorneys is dedicated to providing strong and effective legal representation to protect your rights and [&#8230;]]]></description>
										<content:encoded><![CDATA[
<p>Asserting Your Rights and Seeking Justice: Web Wise LLP&#8217;s Civil Litigation Services</p>



<p>When legal disputes arise, whether in personal or business matters, Web Wise LLP is your trusted ally in navigating the complexities of civil litigation. Our experienced team of attorneys is dedicated to providing strong and effective legal representation to protect your rights and help you achieve a fair resolution. With our extensive knowledge and strategic approach, we are prepared to advocate for you in a wide range of civil litigation matters.</p>



<ol>
<li>Comprehensive Civil Litigation Expertise:<br>Web Wise LLP has a deep understanding of civil law and extensive experience in handling a diverse range of civil litigation cases. From contract disputes to property disputes, professional negligence claims to personal injury lawsuits, our attorneys possess the knowledge and skills necessary to effectively represent your interests. We stay up-to-date with the latest legal developments and utilize our expertise to navigate complex legal issues on your behalf.</li>



<li>Rigorous Case Assessment and Strategy Development:<br>We take a meticulous approach to assess the merits of your case, thoroughly analyzing the relevant facts, documents, and applicable laws. Our attorneys work closely with you to understand your goals and objectives, enabling us to develop a strategic litigation plan tailored to your unique circumstances. We identify potential strengths and weaknesses, explore available legal remedies, and provide you with a clear roadmap to achieve the best possible outcome.</li>



<li>Skilled Negotiation and Alternative Dispute Resolution:<br>While litigation is sometimes necessary, we recognize the value of alternative dispute resolution methods. Our attorneys are skilled negotiators who aim to resolve disputes through mediation or settlement negotiations whenever appropriate. We leverage our negotiation expertise to protect your interests, secure favorable outcomes, and minimize the costs and time associated with protracted litigation.</li>



<li>Diligent Advocacy in Court:<br>When litigation becomes inevitable, our experienced litigators are prepared to advocate tirelessly on your behalf. We have a proven track record of success in civil courtrooms, presenting compelling arguments, cross-examining witnesses effectively, and utilizing our legal knowledge to build a strong case. We approach each trial with meticulous preparation, aiming to achieve the best possible outcome for you through our tenacious advocacy.</li>



<li>Client-Centric Approach:<br>At Web Wise LLP, we prioritize our clients&#8217; needs and objectives. We understand that civil disputes can be emotionally and financially taxing. That&#8217;s why we provide personalized attention, open communication, and prompt responses to your concerns. Our attorneys will keep you informed about the progress of your case, explain complex legal concepts in a clear manner, and guide you through every step of the litigation process. We are dedicated to providing you with the support and guidance you need during this challenging time.</li>
</ol>



<p>Fight for Justice with Web Wise LLP</p>



<p>When faced with civil litigation, rely on the expertise of Web Wise LLP to protect your rights and advocate for your interests. Our skilled attorneys are committed to achieving fair resolutions and seeking justice on your behalf. Contact us today to schedule a consultation and discover how we can navigate the complexities of civil litigation to help you achieve a favorable outcome.</p>
]]></content:encoded>
					
					<wfw:commentRss>/2023/05/15/civil-litigation/feed/</wfw:commentRss>
			<slash:comments>0</slash:comments>
		
		
			</item>
		<item>
		<title>Business Litigation</title>
		<link>/2023/05/15/business-litigation/</link>
					<comments>/2023/05/15/business-litigation/#respond</comments>
		
		<dc:creator><![CDATA[admin]]></dc:creator>
		<pubDate>Mon, 15 May 2023 20:35:05 +0000</pubDate>
				<category><![CDATA[Uncategorized]]></category>
		<guid isPermaLink="false">/?p=79</guid>

					<description><![CDATA[Powerful Legal Advocacy for Your Business: Web Wise LLP&#8217;s Business Litigation Services In the dynamic and competitive world of business, legal disputes can disrupt operations and jeopardize your bottom line. At Web Wise LLP, we understand the complexities of business litigation and are committed to providing powerful legal advocacy to protect your interests. With our [&#8230;]]]></description>
										<content:encoded><![CDATA[
<p>Powerful Legal Advocacy for Your Business: Web Wise LLP&#8217;s Business Litigation Services</p>



<p>In the dynamic and competitive world of business, legal disputes can disrupt operations and jeopardize your bottom line. At Web Wise LLP, we understand the complexities of business litigation and are committed to providing powerful legal advocacy to protect your interests. With our extensive experience and strategic approach, we are prepared to navigate the intricacies of business disputes and help you achieve favorable outcomes.</p>



<ol>
<li>Comprehensive Business Litigation Expertise:<br>Web Wise LLP specializes in a wide range of business litigation matters. Whether you are dealing with contract disputes, shareholder conflicts, intellectual property infringement, employment issues, or any other legal challenges, our experienced attorneys have the knowledge and expertise to effectively represent your business. We have a deep understanding of business law and stay up-to-date with the latest legal trends and precedents to provide you with the best possible representation.</li>



<li>Strategic Case Assessment and Planning:<br>Every business dispute requires a tailored approach. We conduct a thorough analysis of your case, meticulously examining the relevant facts, documents, and applicable laws. Our attorneys work closely with you to understand your goals and objectives, allowing us to develop a strategic litigation plan that aligns with your business interests. We take into account potential risks, costs, and timelines to provide you with a clear roadmap for success.</li>



<li>Skilled Negotiation and Alternative Dispute Resolution:<br>Resolving disputes through negotiation or alternative dispute resolution methods can often be advantageous, saving time, costs, and preserving business relationships. Our attorneys are skilled negotiators who will diligently advocate for your interests during settlement discussions or mediation. We leverage our negotiation expertise to explore creative solutions and strive for a favorable resolution that meets your business objectives.</li>



<li>Tenacious Trial Advocacy:<br>When litigation becomes necessary, our trial-ready attorneys are prepared to vigorously represent your business in the courtroom. We have a proven track record of success in complex business litigation cases, and we approach each trial with meticulous preparation and a strong commitment to achieving the best possible outcome. Our litigators possess exceptional courtroom skills, presenting compelling arguments, cross-examining witnesses effectively, and advocating persuasively on your behalf.</li>



<li>Client-Centered Approach:<br>At Web Wise LLP, we prioritize our clients&#8217; needs and objectives. We understand that legal disputes can be stressful and disruptive to your business. That&#8217;s why we provide personalized attention, keeping you informed throughout the process, promptly addressing your concerns, and providing pragmatic advice to help you make informed decisions. We are committed to building strong client relationships based on trust, transparency, and effective communication.</li>
</ol>



<p>Protect Your Business with Web Wise LLP</p>



<p>When your business is facing legal challenges, Web Wise LLP is here to provide the strong legal representation you need. Our business litigation team combines legal expertise with strategic thinking to help you navigate complex disputes successfully. Contact us today to schedule a consultation and discover how we can protect your business interests and achieve favorable resolutions through our powerful advocacy.</p>
]]></content:encoded>
					
					<wfw:commentRss>/2023/05/15/business-litigation/feed/</wfw:commentRss>
			<slash:comments>0</slash:comments>
		
		
			</item>
		<item>
		<title>Civil Rights</title>
		<link>/2023/05/15/civil-rights/</link>
					<comments>/2023/05/15/civil-rights/#respond</comments>
		
		<dc:creator><![CDATA[admin]]></dc:creator>
		<pubDate>Mon, 15 May 2023 20:32:15 +0000</pubDate>
				<category><![CDATA[Uncategorized]]></category>
		<guid isPermaLink="false">/?p=76</guid>

					<description><![CDATA[Defending Your Civil Rights: Web Wise LLP Stands with You At Web Wise LLP, we firmly believe in the fundamental principles of justice, equality, and the protection of civil rights. If your civil rights have been violated, our dedicated team of attorneys is here to provide you with unwavering support and a strong legal defense. [&#8230;]]]></description>
										<content:encoded><![CDATA[
<p>Defending Your Civil Rights: Web Wise LLP Stands with You</p>



<p>At Web Wise LLP, we firmly believe in the fundamental principles of justice, equality, and the protection of civil rights. If your civil rights have been violated, our dedicated team of attorneys is here to provide you with unwavering support and a strong legal defense. With a deep understanding of civil rights laws and a commitment to fighting injustice, we are ready to stand by your side and advocate for the preservation of your rights and dignity.</p>



<ol>
<li>Comprehensive Civil Rights Advocacy:<br>Our attorneys are well-versed in a broad spectrum of civil rights issues, including discrimination, police misconduct, unlawful arrests, freedom of speech violations, voting rights infringements, and more. We are passionate about upholding the rights guaranteed to you by the Constitution and other statutes. Whether you have experienced violations in the workplace, in public spaces, or within the criminal justice system, we have the expertise to navigate these complex matters.</li>



<li>Fearless Representation:<br>When it comes to defending your civil rights, we leave no stone unturned. Our legal team is fearless and relentless in pursuing justice on your behalf. We meticulously investigate your case, gather compelling evidence, and challenge any infringement on your rights. We are prepared to take on powerful entities, including government agencies, law enforcement, or private institutions, to ensure that your voice is heard and your rights are protected.</li>



<li>Strategic Approach:<br>At Web Wise LLP, we understand that each civil rights case requires a unique strategy. We analyze the specifics of your situation, identify the legal remedies available, and tailor our approach accordingly. Our attorneys leverage their in-depth knowledge of civil rights laws, precedents, and constitutional principles to develop strong legal arguments and present persuasive cases. We are dedicated to achieving the best possible outcome for you, whether through negotiation, litigation, or other appropriate legal avenues.</li>



<li>Empowering Client Relationships:<br>We believe that our clients are the driving force behind the pursuit of justice. We prioritize open communication, active listening, and fostering a partnership built on trust. Our attorneys take the time to understand your concerns, goals, and the impact the violation has had on your life. We ensure that you are informed and empowered throughout the legal process, providing regular updates, answering your questions, and involving you in critical decisions every step of the way.</li>



<li>Creating Lasting Change:<br>Our commitment to defending civil rights extends beyond individual cases. We strive to create lasting change by advocating for policy reform, raising awareness about systemic issues, and engaging with community organizations. Through our work, we aim to protect and strengthen civil rights for all individuals, contributing to a more just and equitable society.</li>
</ol>



<p>Stand Up for Your Rights with Web Wise LLP</p>



<p>If your civil rights have been violated, it&#8217;s crucial to have experienced advocates on your side. Web Wise LLP is dedicated to defending your civil rights and holding accountable those who infringe upon them. Contact us today to schedule a consultation and take the first step towards justice, equality, and the protection of your civil rights.</p>
]]></content:encoded>
					
					<wfw:commentRss>/2023/05/15/civil-rights/feed/</wfw:commentRss>
			<slash:comments>0</slash:comments>
		
		
			</item>
		<item>
		<title>Criminal Defense</title>
		<link>/2023/05/15/criminal-defense/</link>
					<comments>/2023/05/15/criminal-defense/#respond</comments>
		
		<dc:creator><![CDATA[admin]]></dc:creator>
		<pubDate>Mon, 15 May 2023 20:30:48 +0000</pubDate>
				<category><![CDATA[Uncategorized]]></category>
		<guid isPermaLink="false">/?p=72</guid>

					<description><![CDATA[Protecting Your Rights: Premier Criminal Defense at Web Wise LLP When facing criminal charges, your freedom, reputation, and future are at stake. At Web Wise LLP, we believe that everyone deserves a strong and unwavering defense. Our team of experienced criminal defense attorneys is committed to protecting your rights and providing you with the best [&#8230;]]]></description>
										<content:encoded><![CDATA[
<p>Protecting Your Rights: Premier Criminal Defense at Web Wise LLP</p>



<p>When facing criminal charges, your freedom, reputation, and future are at stake. At Web Wise LLP, we believe that everyone deserves a strong and unwavering defense. Our team of experienced criminal defense attorneys is committed to protecting your rights and providing you with the best possible legal representation. With a proven track record of success, we are prepared to navigate the complexities of the legal system and fight vigorously on your behalf.</p>



<ol>
<li>Proven Expertise:<br>At Web Wise LLP, our criminal defense attorneys have extensive knowledge and expertise in a wide range of criminal matters. From misdemeanors to serious felonies, we have successfully defended clients in cases involving drug offenses, assault, theft, DUI/DWI, white-collar crimes, and more. Our in-depth understanding of criminal law, combined with our strategic approach, allows us to build robust defenses tailored to your specific situation.</li>



<li>Tireless Advocacy:<br>We are passionate about protecting your rights and ensuring that you receive a fair and just legal process. From the moment we take on your case, we leave no stone unturned in investigating the facts, analyzing evidence, and identifying weaknesses in the prosecution&#8217;s case. We are skilled negotiators, adept at securing favorable plea deals when appropriate, but we are always prepared to fight in the courtroom to vigorously defend your innocence.</li>



<li>Strategic Defense Planning:<br>Every criminal case is unique, and we recognize that a one-size-fits-all approach does not work. At Web Wise LLP, we develop comprehensive defense strategies tailored to your specific circumstances. Our attorneys work closely with you to understand your side of the story, gather all relevant evidence, and identify potential legal defenses. With meticulous attention to detail, we build a strong case designed to challenge the prosecution&#8217;s narrative and protect your rights.</li>



<li>Collaborative Approach:<br>When you choose Web Wise LLP as your criminal defense firm, you gain access to a team of highly skilled professionals who collaborate to strengthen your defense. Our attorneys leverage their collective knowledge and experience, engaging in rigorous legal analysis and brainstorming to uncover innovative defense strategies. With our collaborative approach, you can be confident that you have a dedicated team working tirelessly to secure the best possible outcome for your case.</li>



<li>Unwavering Support:<br>We understand that facing criminal charges can be a distressing and overwhelming experience. Throughout the legal process, we are here to provide you with unwavering support. Our attorneys will guide you through each step, ensuring that you are informed, empowered, and prepared. We prioritize open and transparent communication, answering your questions promptly and offering honest advice. Your well-being is our top priority, and we will do everything in our power to alleviate your concerns.</li>
</ol>



<p>Protect Your Future with Web Wise LLP</p>



<p>When your freedom is on the line, trust the experienced criminal defense attorneys at Web Wise LLP. With our relentless advocacy, strategic defense planning, and personalized attention, we will vigorously fight to protect your rights and secure the best possible outcome for your case. Contact us today to schedule a confidential consultation and take the first step towards a robust defense that can make a difference.</p>
]]></content:encoded>
					
					<wfw:commentRss>/2023/05/15/criminal-defense/feed/</wfw:commentRss>
			<slash:comments>0</slash:comments>
		
		
			</item>
		<item>
		<title>Medical Malpractice</title>
		<link>/2023/05/15/medical-malpractice/</link>
					<comments>/2023/05/15/medical-malpractice/#respond</comments>
		
		<dc:creator><![CDATA[admin]]></dc:creator>
		<pubDate>Mon, 15 May 2023 20:28:56 +0000</pubDate>
				<category><![CDATA[Uncategorized]]></category>
		<guid isPermaLink="false">/?p=68</guid>

					<description><![CDATA[Medical Malpractice: Advocating for Your Well-being with Web Wise LLP At Web Wise LLP, we understand that medical malpractice can have life-altering consequences, affecting your health, finances, and overall well-being. When you or a loved one have suffered harm due to the negligence of medical professionals, our dedicated team of attorneys is here to advocate [&#8230;]]]></description>
										<content:encoded><![CDATA[
<p>Medical Malpractice: Advocating for Your Well-being with Web Wise LLP</p>



<p>At Web Wise LLP, we understand that medical malpractice can have life-altering consequences, affecting your health, finances, and overall well-being. When you or a loved one have suffered harm due to the negligence of medical professionals, our dedicated team of attorneys is here to advocate for your rights. With a deep understanding of medical malpractice law and a commitment to achieving justice, we are relentless in our pursuit of fair compensation and accountability for the harm you have endured.</p>



<ol>
<li>Empathetic Guidance:<br>We recognize the emotional and physical toll that medical malpractice can inflict on you and your family. Our compassionate attorneys provide a supportive environment where you can share your concerns, knowing that we genuinely care about your well-being. We listen attentively to your story, address your questions and concerns, and guide you through the legal process with empathy and understanding.</li>



<li>Extensive Experience:<br>Web Wise LLP has a proven track record of handling complex medical malpractice cases. Our attorneys possess in-depth knowledge of medical procedures, protocols, and standards of care. With years of experience in this specialized field, we have successfully represented clients in cases involving misdiagnosis, surgical errors, medication mistakes, birth injuries, and more. Our expertise allows us to thoroughly investigate your case, gather compelling evidence, and build a strong legal strategy on your behalf.</li>



<li>Vigorous Advocacy:<br>When medical malpractice occurs, responsible parties must be held accountable. Our attorneys are relentless advocates for your rights. We leave no stone unturned in seeking justice for you. We meticulously analyze medical records, consult with trusted experts, and leverage our legal knowledge to build a persuasive case. We are prepared to take on insurance companies, hospitals, and medical professionals, advocating vigorously to secure the compensation you deserve.</li>



<li>Comprehensive Damages Recovery:<br>Medical malpractice can result in various damages, including medical expenses, loss of income, physical and emotional suffering, and long-term rehabilitation costs. We understand the intricacies of calculating damages in medical malpractice cases and work tirelessly to ensure that you receive comprehensive compensation. Our goal is to provide financial support that helps you move forward with dignity and rebuild your life.</li>



<li>Personalized Attention:<br>At Web Wise LLP, we believe in the power of personalized attention. We recognize that every medical malpractice case is unique, and we tailor our approach to your specific circumstances. You can expect open lines of communication, regular case updates, and prompt responses to your inquiries. We are here to provide guidance, address your concerns, and support you throughout the legal process, ensuring that you are well-informed and empowered to make decisions that are in your best interest.</li>
</ol>



<p>Seek Justice and Healing with Web Wise LLP</p>



<p>If you or your loved one has suffered harm due to medical malpractice, let Web Wise LLP be your trusted advocate. We are dedicated to fighting for your rights, holding negligent medical professionals accountable, and obtaining the compensation you deserve. Contact us today to schedule a consultation and take the first step toward justice and healing.</p>
]]></content:encoded>
					
					<wfw:commentRss>/2023/05/15/medical-malpractice/feed/</wfw:commentRss>
			<slash:comments>0</slash:comments>
		
		
			</item>
		<item>
		<title>Personal Injury Advocacy: Seeking Justice and Restitution</title>
		<link>/2023/05/15/personal-injury-advocacy-seeking-justice-and-restitution/</link>
					<comments>/2023/05/15/personal-injury-advocacy-seeking-justice-and-restitution/#respond</comments>
		
		<dc:creator><![CDATA[admin]]></dc:creator>
		<pubDate>Mon, 15 May 2023 20:23:26 +0000</pubDate>
				<category><![CDATA[Uncategorized]]></category>
		<guid isPermaLink="false">/?p=63</guid>

					<description><![CDATA[At Web Wise LLP, we understand the devastating impact that personal injuries can have on your life. Whether you&#8217;ve suffered from a car accident, medical malpractice, slip and fall incident, or any other form of negligence, our compassionate and skilled attorneys are here to fight for your rights. With a deep understanding of personal injury [&#8230;]]]></description>
										<content:encoded><![CDATA[
<p></p>



<p>At Web Wise LLP, we understand the devastating impact that personal injuries can have on your life. Whether you&#8217;ve suffered from a car accident, medical malpractice, slip and fall incident, or any other form of negligence, our compassionate and skilled attorneys are here to fight for your rights. With a deep understanding of personal injury law and a track record of successful settlements and verdicts, we are dedicated to helping you seek the justice and restitution you deserve.</p>



<ol>
<li>Compassionate Support:<br>We recognize that a personal injury can leave you feeling vulnerable and overwhelmed. Our team is committed to providing compassionate support throughout your legal journey. We take the time to listen to your story, understand your unique circumstances, and offer guidance and reassurance every step of the way. You can trust us to be your advocate, ensuring that your voice is heard and your rights are protected.</li>



<li>Proven Track Record:<br>With years of experience handling personal injury cases, we have achieved significant victories for our clients. Our diligent approach to investigation, meticulous preparation, and persuasive advocacy have resulted in substantial settlements and favorable verdicts. We have successfully secured compensation for medical expenses, lost wages, pain and suffering, and other damages, helping our clients rebuild their lives with financial stability.</li>



<li>Expert Negotiators:<br>Insurance companies often try to minimize payouts to injured individuals, putting their own profits above fair compensation. Our skilled negotiators are adept at navigating the complexities of insurance claims, working tirelessly to maximize your settlement. We understand the tactics employed by insurance adjusters and are prepared to stand firm on your behalf, ensuring that you receive the full and fair compensation you deserve.</li>



<li>Trial-Ready Litigators:<br>While many personal injury cases are settled out of court, we approach each case as if it will go to trial. Our seasoned litigators have a reputation for meticulously preparing every case to withstand the scrutiny of the courtroom. We are skilled at presenting compelling evidence, cross-examining witnesses, and delivering persuasive arguments to juries. If a fair settlement cannot be reached, we are fully prepared to take your case to trial to pursue justice on your behalf.</li>



<li>Client-Centered Approach:<br>At the core of our practice is a commitment to putting our clients first. We recognize that every personal injury case is unique, and we tailor our approach to meet your individual needs. Our team is accessible, responsive, and dedicated to providing personalized attention throughout the legal process. We keep you informed about the progress of your case, answer your questions promptly, and provide the guidance and support you require during this challenging time.</li>
</ol>



<p>Take the First Step Towards Healing and Justice</p>



<p>If you or a loved one has suffered a personal injury, don&#8217;t face the legal complexities alone. Turn to [Your Law Firm] for skilled personal injury advocacy that puts your needs first. We are ready to fight for your rights, seek the compensation you deserve, and provide the support you need to move forward. Contact us today to schedule a consultation and let us begin the journey toward healing and justice together.</p>
]]></content:encoded>
					
					<wfw:commentRss>/2023/05/15/personal-injury-advocacy-seeking-justice-and-restitution/feed/</wfw:commentRss>
			<slash:comments>0</slash:comments>
		
		
			</item>
	</channel>
</rss>
